{
    "changing_resolution": { "hour_0": 3.2738711833953857,
                             "day_1": 0.087563673655192,
                             "month_1":0.024135192235310868,
                             "year_2": 0.02385536829630527
    },
    "changing_result_size": {"all": {"hour_0":3.1364353425575024,
                                    "day_1":0.087563673655192,
                                    "month_1":0.024497176661635842,
                                    "year_2":0.02492009509693488
                             },
                             "1": {"hour_0":3.1677842934926352,
                                    "day_1":"nan",
                                    "year_2":0.02737010849846731
                             },
                             "25": {"hour_0":3.086490127775404,
                                    "day_1":"nan",
                                    "year_2":0.02412668863932288
                             },
                             "50": {"hour_0":3.063407712512546,
                                    "day_1":"nan",
                                    "year_2":0.023973306020100876
                             },
                             "100": {"hour_0":3.2738711833953857,
                                    "day_1":0.087563673655192,
                                    "year_2":0.02385536829630527
                             }

    },
    "get_var":{"hour_0":3.2051532629764443,
                "day_1":0.087563673655192,
                "month_1":0.024316184448473353,
                "year_2":0.024387731696620077

    },
    "heatmap": { "all_yrs_hour_0":3.2320504784584045,
                 "day_1":2.1399783293406167,
                 "all_yrs_month_1":2.2322290539741516,
                 "all_yrs_year_2":0.655159592628479,
                 "1_yrs_hour_0":0.9227239290873209,
                 "2.5_yrs_hour_0":2.3387378056844077,
                 "5_yrs_hour_0":3.2830840746561685,
                 "10_yrs_hour_0":6.383656104405721

    },       
    
    "find_time": {"all":{ "hour_0":5.092864084243774,
                          "day_1":0.07778772513071693,
                          "month_1":0.030981973807016956,
                          "year_2":0.030329585075378366},
                  "-0.0005": {"hour_0":4.322814544041951,
                                "year_2":0.0302239259084065},
                  "0.05":{"hour_0":8.81934380531311,
                                "year_2":0.030546426773071202},
                  "0":{"hour_0":4.104153235753377,
                                "year_2":0.03015486399332677},
                  "0.005":{"hour_0":4.688895384470622,
                                "year_2":0.030490636825561468},
                  "0.5":{"hour_0":10.250044027964273,
                                "year_2":0.030187845230102497},
                  "1.5":{"hour_0":5.4669895966847735,
                            "year_2":0.03049619992574053},
                  "2.5":{"hour_0":4.6814491748809814,
                                "year_2":0.0301446914672851},
                  "4.5":{"hour_0":4.037605365117391,
                                "year_2":0.0304471651713053},
                  "5.5":{"hour_0":4.02074408531189,
                            "year_2":0.03015383084615067},
                  "6.5":{"hour_0":0.5366016228993734,
                            "year_2":0.030450264612833598}     
    }

}