{
    "temporal_agg": {
                        "day": [92.93842005729675, 94.95183253288269, 95.56425142288208],
                        "day_avg": 94.48,
                        "month": [0.34710001945495605, 0.28293585777282715, -0.09384703636169434],
                        "month_avg": 0.18,
                        "year": [0.059496402740478516, 0.07858657836914062, 0.09384703636169434],
                        "year_avg": 0.08,
                        "total_agg": 284.56
                    },

    "spatial_agg": {
                        "hour": {"total_agg_time": 64.85},
                        "day_1": {"max": 18.95, "min": 19.92, "mean": 21.28},
                        "day_2": {"max": 79.76, "min": 20.09, "mean":20.91},
                        "month_1": {"max": 121.62, "min":0.7, "mean": 0.75},
                        "month_2": {"max": 123.75, "min":0.69, "mean": 0.73},
                        "year_1": {"max": 125.29, "min": 0.11, "mean": 0.11},
                        "year_2": {"max": 125.61, "min": 0.11, "mean": 0.11},
                        "avg": {"max": 99.16, "min": 6.94, "mean": 7.31},
                        "total_agg": 125.83
                    },
    "metadata": {},

    "total_agg": {"sec": 536.22, "min": 8.94}


}